placement,floor_percentage,high_percentage
1,0.8076284379865075,0.19237156201349248
2,0.7817902420284287,0.21820975797157127
3,0.8025194114133681,0.19748058858663192
4,0.7778569080749425,0.22214309192505752
5,0.7753566542896229,0.22464334571037717
6,0.775464320625611,0.22453567937438906
7,0.7756416512149897,0.22435834878501024
Current,0.7723474696515844,0.22765253034841557
