placement,ORDER_PICKER,PALLET_JACK,REACH_FORK
1,198.85277777777776,266.2481481481481,38.136111111111106
2,220.74809523809523,247.36761904761903,36.915238095238095
3,200.02095238095237,265.0895238095238,34.582857142857144
4,224.51761904761904,247.93142857142857,35.584761904761905
5,207.18412698412698,293.2722222222222,30.482539682539684
6,206.18174603174603,294.3365079365079,29.002380952380953
7,205.27222222222224,295.37619047619046,30.938888888888886
Current,226.63055555555556,240.55324074074076,33.48796296296296
