placement,ORDER_PICKER,PALLET_JACK,REACH_FORK
1,2.3459912989434435,1.3002820904386188,3.000920245398773
2,2.362142515542802,1.3032306375695337,2.792837746096402
3,2.330293467970969,1.3033991518685397,2.762250712250712
4,2.330319992536617,1.3155659248624074,2.7442946058091287
5,2.3295682730923697,1.29015745459297,2.262595005428882
6,2.3336540084388187,1.295686274509804,2.0499482401656315
7,2.3352871820784906,1.294949494949495,2.2004687499999998
Current,2.278540305010893,1.3160993516399695,2.5404339250493093
